AgeRange	CustomerCount	CountPercentage
20s	195	1.925545571245
30s	1841	18.179125111089
40s	4561	45.038017181791
50s	2998	29.604028833810
60s	530	5.233534116717
70s	2	0.019749185346