CardCategory	CustomerCount	CountPercentage
Blue	9436	93.176656462920
Silver	555	5.480398933543
Gold	116	1.145452750074
Platinum	20	0.197491853461