IncomeCategory	CustomerCount	CountPercentage
Less than $40K	3561	35.163424508739
$40K - $60K	1790	17.675520884763
$80K - $120K	1535	15.157499753135
$60K - $80K	1402	13.844178927619
Unknown	1112	10.980547052434
$120K +	727	7.178828873308