MaritalStatus	CustomerCount	CountPercentage
Married	4687	46.282215858595
Single	3943	38.935518909844
Unknown	749	7.396069912116
Divorced	748	7.386195319443